{
  "id": null,
  "guid": null,
  "name": "SIGNL4 Alerting",
  "module_id": 0,
  "authorizationtype": 0,
  "granttype": 0,
  "username": "",
  "tokenurl": "",
  "headerprefix": "",
  "algorithm": 0,
  "bearername": "Bearer",
  "bearerlocation": 0,
  "resourcebaseurl": "https://connect.signl4.com/webhook/",
  "certificate_name": "",
  "library_licence_name": "",
  "major_version_number": 0,
  "minor_version_number": 0,
  "patch_version_number": 0,
  "version_number": "0.0.0",
  "safe_instances": 0,
  "methods": [
    {
      "id": null,
      "guid": "1d3c73b4-2812-450b-b8c1-f0b0cf37b3c1",
      "integration_id": null,
      "integration_name": null,
      "integration_baseurl": "https://connect.signl4.com/webhook/",
      "name": "SIGNL4 Alerting",
      "full_name": null,
      "resource": "https://connect.signl4.com/webhook/",
      "path": "signl4-team-secret?ExtIDParam=X-S4-ExternalID&ExtStatusParam=Status&ResolvedStatus=Closed",
      "method": 1,
      "authorizationtype": -1,
      "requesttype": 1,
      "responsetype": 0,
      "requestbody": "{\r\n    \"Title\": <<ticket^summary>>,\r\n    \"Message\": <<ticket^details>>,\r\n    \"dateoccurred\": <<ticket^dateoccurred>>,\r\n    \"dateclosed\": <<ticket^dateclosed>>,\r\n    \"Type\": <<ticket^tickettype^name>>,\r\n    \"Priority\": <<ticket^priority^name>>,\r\n    \"Client\": <<ticket^client_name>>,\r\n    \"Site\": <<ticket^site_name>>,\r\n    \"Team\": <<ticket^team>>,\r\n    \"Agent\": <<ticket^agent^name>>,\r\n    \"Organisation\" : <<ticket^organisation_id>>,\r\n    \"Oppcompanyname\" : <<ticket^oppcompanyname>>,\r\n    \"Status\": <<ticket^status^shortname>>,\r\n    \"Link\": \"https://signl4.halopsa.com/ticket?id=<<ticket^id>>\",\r\n    \"X-S4-ExternalID\" : \"HaloPSA-<<ticket^id>>\",\r\n    \"X-S4-SourceSystem\": \"HaloPSA\"\r\n}\r\n",
      "log_retention_policy_days": 30,
      "uri_params": [
        {
          "id": 637,
          "method_id": 41,
          "type": 0,
          "step_id": 0,
          "step_name": "",
          "rule_id": 0
        },
        {
          "id": 638,
          "method_id": 41,
          "type": 0,
          "step_id": 0,
          "step_name": "",
          "rule_id": 0
        },
        {
          "id": 639,
          "method_id": 41,
          "type": 0,
          "step_id": 0,
          "step_name": "",
          "rule_id": 0
        },
        {
          "id": 640,
          "method_id": 41,
          "type": 0,
          "step_id": 0,
          "step_name": "",
          "rule_id": 0
        },
        {
          "id": 641,
          "method_id": 41,
          "type": 0,
          "step_id": 0,
          "step_name": "",
          "rule_id": 0
        },
        {
          "id": 642,
          "method_id": 41,
          "type": 0,
          "step_id": 0,
          "step_name": "",
          "rule_id": 0
        },
        {
          "id": 643,
          "method_id": 41,
          "type": 0,
          "step_id": 0,
          "step_name": "",
          "rule_id": 0
        },
        {
          "id": 644,
          "method_id": 41,
          "type": 0,
          "step_id": 0,
          "step_name": "",
          "rule_id": 0
        },
        {
          "id": 645,
          "method_id": 41,
          "type": 0,
          "step_id": 0,
          "step_name": "",
          "rule_id": 0
        },
        {
          "id": 646,
          "method_id": 41,
          "type": 0,
          "step_id": 0,
          "step_name": "",
          "rule_id": 0
        }
      ],
      "headers": [
        {
          "id": 647,
          "method_id": 41,
          "type": 1,
          "step_id": 0,
          "step_name": "",
          "rule_id": 0
        },
        {
          "id": 648,
          "method_id": 41,
          "type": 1,
          "step_id": 0,
          "step_name": "",
          "rule_id": 0
        },
        {
          "id": 649,
          "method_id": 41,
          "type": 1,
          "step_id": 0,
          "step_name": "",
          "rule_id": 0
        },
        {
          "id": 650,
          "method_id": 41,
          "type": 1,
          "step_id": 0,
          "step_name": "",
          "rule_id": 0
        },
        {
          "id": 651,
          "method_id": 41,
          "type": 1,
          "step_id": 0,
          "step_name": "",
          "rule_id": 0
        },
        {
          "id": 652,
          "method_id": 41,
          "type": 1,
          "step_id": 0,
          "step_name": "",
          "rule_id": 0
        },
        {
          "id": 653,
          "method_id": 41,
          "type": 1,
          "step_id": 0,
          "step_name": "",
          "rule_id": 0
        },
        {
          "id": 654,
          "method_id": 41,
          "type": 1,
          "step_id": 0,
          "step_name": "",
          "rule_id": 0
        },
        {
          "id": 655,
          "method_id": 41,
          "type": 1,
          "step_id": 0,
          "step_name": "",
          "rule_id": 0
        },
        {
          "id": 656,
          "method_id": 41,
          "type": 1,
          "step_id": 0,
          "step_name": "",
          "rule_id": 0
        }
      ],
      "body_mappings": [
        {
          "id": 657,
          "method_id": 41,
          "type": 2,
          "step_id": 0,
          "step_name": "",
          "rule_id": 0
        },
        {
          "id": 658,
          "method_id": 41,
          "type": 2,
          "step_id": 0,
          "step_name": "",
          "rule_id": 0
        },
        {
          "id": 659,
          "method_id": 41,
          "type": 2,
          "step_id": 0,
          "step_name": "",
          "rule_id": 0
        },
        {
          "id": 660,
          "method_id": 41,
          "type": 2,
          "step_id": 0,
          "step_name": "",
          "rule_id": 0
        },
        {
          "id": 661,
          "method_id": 41,
          "type": 2,
          "step_id": 0,
          "step_name": "",
          "rule_id": 0
        },
        {
          "id": 662,
          "method_id": 41,
          "type": 2,
          "step_id": 0,
          "step_name": "",
          "rule_id": 0
        },
        {
          "id": 663,
          "method_id": 41,
          "type": 2,
          "step_id": 0,
          "step_name": "",
          "rule_id": 0
        },
        {
          "id": 664,
          "method_id": 41,
          "type": 2,
          "step_id": 0,
          "step_name": "",
          "rule_id": 0
        },
        {
          "id": 665,
          "method_id": 41,
          "type": 2,
          "step_id": 0,
          "step_name": "",
          "rule_id": 0
        },
        {
          "id": 666,
          "method_id": 41,
          "type": 2,
          "step_id": 0,
          "step_name": "",
          "rule_id": 0
        }
      ],
      "output_variables": [],
      "access_control": [
        {
          "id": 2445,
          "entity": "customintegrations",
          "entity_id": 12,
          "type": 0,
          "agent_id": 3,
          "user_id": 0,
          "role_id": 0,
          "team_id": 0,
          "department_id": 0,
          "level": 3,
          "entity_text_id": ""
        }
      ],
      "access_control_level": 3
    }
  ],
  "api_access_type": 0,
  "lookup_service_cert_name": "",
  "access_control": null,
  "access_control_level": 3
}