{
  "id": null,
  "name": "SIGNL4 Runbook",
  "type": 1,
  "content_type": "application/json",
  "authentication_type": 0,
  "method": 0,
  "certificate_id": 0,
  "certificate_name": "",
  "active": true,
  "events": [
    {
      "guid": "4586644f-f842-440f-a670-662615465386",
      "id": 12,
      "name": "Closed",
      "agent_id": 0,
      "agent_name": "",
      "type": -2,
      "delivery_method": 6,
      "sendpushnotification": false,
      "sendpushnotificationbrowser": false,
      "popupinnotificationpane": true,
      "eventno": 39,
      "emailtemplate_id": 32,
      "emailtemplate_guid": "db911379-3abc-4e9c-a00d-0a5eef439105",
      "user_id": 0,
      "user_name": "",
      "email_list": "",
      "slack_id": 0,
      "interval": 0,
      "useworkinghours": 0,
      "restriction_type": 0,
      "webhook_id": "2fb1e01e-d48e-4c02-bf3a-f6ee9fb55ff3",
      "condition_count": 0,
      "subscriber_count": 0,
      "slack_channel_name": "",
      "teams_id": 0,
      "teams_channel_name": "",
      "value1": 0,
      "mattermost_channelid": 0,
      "mattermost_channel_name": "",
      "rule_id": -1,
      "filter_type": 2,
      "customisecolour": false,
      "colour": ""
    },
    {
      "guid": "3c822e3f-0835-4d66-890f-d8ff80b5cef8",
      "id": 11,
      "name": "New Ticket Logged",
      "agent_id": 0,
      "agent_name": "",
      "type": -2,
      "delivery_method": 6,
      "sendpushnotification": false,
      "sendpushnotificationbrowser": false,
      "popupinnotificationpane": true,
      "eventno": 3,
      "emailtemplate_id": 32,
      "emailtemplate_guid": "db911379-3abc-4e9c-a00d-0a5eef439105",
      "user_id": 0,
      "user_name": "",
      "email_list": "",
      "slack_id": 0,
      "interval": 0,
      "useworkinghours": 0,
      "restriction_type": 0,
      "webhook_id": "2fb1e01e-d48e-4c02-bf3a-f6ee9fb55ff3",
      "condition_count": 0,
      "subscriber_count": 0,
      "slack_channel_name": "",
      "teams_id": 0,
      "teams_channel_name": "",
      "value1": 0,
      "mattermost_channelid": 0,
      "mattermost_channel_name": "",
      "rule_id": -1,
      "filter_type": 2,
      "customisecolour": false,
      "colour": ""
    }
  ],
  "last_status": 1,
  "systemuse": "",
  "runbook_start_type": 0,
  "inbound_authentication_type": 0,
  "algorithm": 0,
  "digest": 0,
  "custom_payload": false,
  "payload_type": 2,
  "flow_chart_json": "{\"id\":\"5cce22b3-bb0a-468e-ab52-d59a472d2dbd\",\"offsetX\":0,\"offsetY\":0,\"zoom\":100,\"gridSize\":25,\"links\":[{\"id\":\"91af156c-ca43-426b-a575-10f3bbb10d51\",\"_class\":\"LinkModel\",\"selected\":false,\"type\":\"default\",\"source\":\"node_1\",\"sourcePort\":\"node_1_port_1\",\"target\":\"node_2\",\"targetPort\":\"bdfbfd30-903e-4b5a-924a-f8b11eb1b62a\",\"points\":[{\"id\":\"67aa301d-89ea-4bd2-8c63-b89319d2b635\",\"_class\":\"PointModel\",\"selected\":false,\"x\":323.2750244140625,\"y\":227.85000610351562},{\"id\":\"0d4c8f17-4180-459d-b7a6-17e45578c1c8\",\"_class\":\"PointModel\",\"selected\":false,\"x\":433.29998779296875,\"y\":163.80001831054688}],\"extras\":{}},{\"id\":\"5a19166a-d043-484e-b602-da2a402a1003\",\"_class\":\"LinkModel\",\"selected\":false,\"type\":\"default\",\"source\":\"node_1\",\"sourcePort\":\"node_1_port_2\",\"target\":\"node_3\",\"targetPort\":\"1f0edd90-1b62-426a-a0d7-6270dbfc3db8\",\"points\":[{\"id\":\"480920fb-1a77-4bee-b0fc-82766c87b035\",\"_class\":\"PointModel\",\"selected\":false,\"x\":323.2750244140625,\"y\":245.35000610351562},{\"id\":\"e30478b4-6483-459b-864c-1aae4fb9cc8a\",\"_class\":\"PointModel\",\"selected\":false,\"x\":433.29998779296875,\"y\":313.8000183105469}],\"extras\":{}}],\"nodes\":[{\"id\":\"node_1\",\"_class\":\"DefaultNodeModel\",\"selected\":true,\"type\":\"default\",\"x\":100,\"y\":100,\"extras\":{},\"ports\":[{\"id\":\"0cb89377-8c6a-454b-bb8e-e42d7e9af25b\",\"_class\":\"DefaultPortModel\",\"selected\":false,\"name\":\"in\",\"parentNode\":\"node_1\",\"links\":[],\"in\":true,\"label\":\" \"},{\"id\":\"node_1_port_1\",\"_class\":\"DefaultPortModel\",\"selected\":false,\"name\":\"node_1_port_1\",\"parentNode\":\"node_1\",\"links\":[\"91af156c-ca43-426b-a575-10f3bbb10d51\"],\"in\":false,\"label\":\"Successful Response (200 - 299)\"},{\"id\":\"node_1_port_2\",\"_class\":\"DefaultPortModel\",\"selected\":false,\"name\":\"node_1_port_2\",\"parentNode\":\"node_1\",\"links\":[\"5a19166a-d043-484e-b602-da2a402a1003\"],\"in\":false,\"label\":\"Unsuccessful Response\"}],\"color\":\"rgb(192,255,0)\"},{\"id\":\"node_2\",\"_class\":\"DefaultNodeModel\",\"selected\":false,\"type\":\"default\",\"x\":425,\"y\":75,\"extras\":{},\"ports\":[{\"id\":\"bdfbfd30-903e-4b5a-924a-f8b11eb1b62a\",\"_class\":\"DefaultPortModel\",\"selected\":false,\"name\":\"in\",\"parentNode\":\"node_2\",\"links\":[\"91af156c-ca43-426b-a575-10f3bbb10d51\"],\"in\":true,\"label\":\" \"}],\"color\":\"#F44E3B\"},{\"id\":\"node_3\",\"_class\":\"DefaultNodeModel\",\"selected\":false,\"type\":\"default\",\"x\":425,\"y\":225,\"extras\":{},\"ports\":[{\"id\":\"1f0edd90-1b62-426a-a0d7-6270dbfc3db8\",\"_class\":\"DefaultPortModel\",\"selected\":false,\"name\":\"in\",\"parentNode\":\"node_3\",\"links\":[\"5a19166a-d043-484e-b602-da2a402a1003\"],\"in\":true,\"label\":\" \"}],\"color\":\"#F44E3B\"}]}",
  "library_licence_name": "",
  "major_version_number": 0,
  "minor_version_number": 0,
  "patch_version_number": 0,
  "version_number": "0.0.0",
  "steps": [
    {
      "fdid": 1280,
      "step_id": 1,
      "flow_id": 0,
      "chatprofile_id": null,
      "name": "Step 1",
      "isstart": true,
      "isend": false,
      "islaststep": false,
      "stage_number": 0,
      "pipeline_stage_name": "",
      "actions": [
        {
          "id": null,
          "flow_id": 0,
          "chatprofile_id": null,
          "start_step": 1,
          "end_step": 2,
          "action_type": 17,
          "action_id": -17,
          "action_name": "Successful Response (200 - 299)",
          "action_outcome": "",
          "use_work_hours": true,
          "time_limit_action_name": "",
          "automation_action_name": "",
          "automation_runbook_name": "",
          "seq": 1,
          "approval_result": 1,
          "restricted": false,
          "conditions": [],
          "conditions_exec": [],
          "group_restrictions": [],
          "todo_group_name": "",
          "chat_selection_order": 1
        },
        {
          "id": null,
          "flow_id": 0,
          "chatprofile_id": null,
          "start_step": 1,
          "end_step": 3,
          "action_type": 17,
          "action_id": -17,
          "action_name": "Unsuccessful Response",
          "action_outcome": "",
          "use_work_hours": true,
          "time_limit_action_name": "",
          "automation_action_name": "",
          "automation_runbook_name": "",
          "seq": 2,
          "approval_result": 0,
          "restricted": false,
          "conditions": [],
          "conditions_exec": [],
          "group_restrictions": [],
          "todo_group_name": "",
          "chat_selection_order": 1
        }
      ],
      "steptype": 2,
      "message": "SIGNL4 Alerting: SIGNL4 Alerting",
      "auto_action": 6,
      "auto_action_type": null,
      "auto_action_type_guid": "1d3c73b4-2812-450b-b8c1-f0b0cf37b3c1",
      "input_field_id": 0,
      "chat_image_type": 0,
      "newticket_service_id": 0,
      "start_new_chat_flow_id": "",
      "iteration_type": 0,
      "iteration_batch_size": 1,
      "runbook_variable_mappings": [],
      "allow_all_statuses": true
    },
    {
      "fdid": 1281,
      "step_id": 2,
      "flow_id": 0,
      "chatprofile_id": null,
      "name": "Step 2",
      "isstart": false,
      "isend": true,
      "islaststep": false,
      "stage_number": 0,
      "pipeline_stage_name": "",
      "actions": [],
      "steptype": 3,
      "auto_action": 0,
      "input_field_id": 0,
      "chat_image_type": 0,
      "newticket_service_id": 0,
      "start_new_chat_flow_id": "",
      "iteration_type": 0,
      "iteration_batch_size": 1,
      "allow_all_statuses": true
    },
    {
      "fdid": 1282,
      "step_id": 3,
      "flow_id": 0,
      "chatprofile_id": null,
      "name": "Step 3",
      "isstart": false,
      "isend": true,
      "islaststep": false,
      "stage_number": 0,
      "pipeline_stage_name": "",
      "actions": [],
      "steptype": 3,
      "auto_action": 2,
      "input_field_id": 0,
      "chat_image_type": 0,
      "newticket_service_id": 0,
      "start_new_chat_flow_id": "",
      "iteration_type": 0,
      "iteration_batch_size": 1,
      "allow_all_statuses": true
    }
  ],
  "input_variables": [],
  "mapping_profiles": [],
  "disabled": false,
  "use_lightweight_logs": false,
  "log_retention_policy_days": 30,
  "batch_method": 0,
  "batch_delay_seconds": 30,
  "batch_limit": 0,
  "infinite_loop_threshold": 5,
  "notify_on_failure": false,
  "safe_instances": 0,
  "multiple_execution_mode": 0,
  "average_steps_executed": 1,
  "max_steps_executed": 1,
  "average_execution_time": 1198,
  "max_execution_time": 1383,
  "run_count_hour": 5,
  "run_count_day": 5,
  "run_count_week": 5,
  "access_control": null,
  "access_control_level": 3,
  "___loaded_at": "2025-05-07T11:37:10.453Z"
}